{
  "timestamp": "20250810_061712",
  "benchmark_type": "mm_vs_tt",
  "model_name": "General-TT (MQAR)",
  "run": {
    "model_name": "General-TT (MQAR)",
    "benchmark_type": "mm_vs_tt",
    "device": "cuda",
    "seq_len": 256,
    "kv_pairs": 64,
    "embed_dim": 8,
    "n_heads": 1,
    "epochs": 20,
    "batch_size": 16,
    "train_size": 20000,
    "val_size": 4000,
    "lr_grid": [
      0.0001,
      0.0003,
      0.001,
      0.003
    ],
    "weight_decay": 0.1,
    "warmup_frac": 0.1
  },
  "val_acc_per_lr": {
    "1.0e-04": 0.021891083990740117,
    "3.0e-04": 0.3790393994560942,
    "1.0e-03": 0.22310026296271324,
    "3.0e-03": 0.2584226732294968
  },
  "best": {
    "lr": 0.0003,
    "val_acc": 0.3790393994560942
  }
}