{
  "64": {
    "General-MM (MQAR)": {
      "2": [
        0.00027420043602364416
      ],
      "4": [
        0.026390668194996966
      ],
      "8": [
        0.993594498010923
      ],
      "16": [
        0.9936169734564988
      ],
      "32": [
        0.9936169734564988
      ],
      "64": [
        0.9936169734564988
      ],
      "128": [
        0.9936169734564988
      ]
    },
    "General-TT (MQAR)": {
      "2": [
        9.889196053311758e-05
      ],
      "4": [
        0.0022655249140314205
      ],
      "8": [
        0.3790393994560942
      ],
      "16": [
        0.9936169734564988
      ],
      "32": [
        0.9936169734564988
      ],
      "64": [
        0.9936169734564988
      ],
      "128": [
        0.9936169734564988
      ]
    }
  }
}