{
  "32": {
    "General-MM (MQAR)": {
      "2": [
        0.00026891599960558987
      ],
      "4": [
        0.023252270099230005
      ],
      "8": [
        0.9841608476232308
      ],
      "16": [
        0.9868320798859797
      ],
      "32": [
        0.9868320798859797
      ],
      "64": [
        0.9868320798859797
      ],
      "128": [
        0.9868320798859797
      ]
    },
    "General-TT (MQAR)": {
      "2": [
        0.0
      ],
      "4": [
        0.0028325818625122134
      ],
      "8": [
        0.5315931480203301
      ],
      "16": [
        0.9868231160193262
      ],
      "32": [
        0.9868320798859797
      ],
      "64": [
        0.9868320798859797
      ],
      "128": [
        0.9868320798859797
      ]
    }
  }
}