{
  "16": {
    "Ablation[SS] SS (orig) (MQAR)": {
      "4": [
        0.004209032868290376,
        0.004209032868290376
      ]
    },
    "Ablation[SS] LL (s→l) (MQAR)": {
      "4": [
        0.0024355639631118467,
        0.0024355639631118467
      ]
    },
    "Ablation[SM] SM (orig) (MQAR)": {
      "4": [
        0.007022936864506976,
        0.007022936864506976
      ]
    },
    "Ablation[SM] LM (s→l) (MQAR)": {
      "4": [
        0.005911563017261764,
        0.005911563017261764
      ]
    },
    "Ablation[SM] LT (s→l,m→t) (MQAR)": {
      "4": [
        0.0011586663513833057,
        0.0011586663513833057
      ]
    }
  }
}