{
  "32": {
    "Ablation[SS] SS (orig) (MQAR)": {
      "4": [
        0.010170058678011878,
        0.010170058678011878,
        0.012452645290820656,
        0.012452645290820656,
        0.012452645290820656,
        0.012452645290820656,
        0.012452645290820656
      ],
      "8": [
        0.5354398460747876,
        0.981476391362023,
        0.981476391362023,
        0.981476391362023,
        0.981476391362023,
        0.981476391362023
      ],
      "16": [
        0.9866271496349056,
        0.9866271496349056,
        0.9866271496349056,
        0.9866271496349056,
        0.9866271496349056
      ]
    },
    "Ablation[SS] LL (s→l) (MQAR)": {
      "4": [
        0.0013384801080344659,
        0.0013384801080344659,
        0.02213272464356992,
        0.02213272464356992,
        0.02213272464356992,
        0.02213272464356992,
        0.02213272464356992
      ],
      "8": [
        0.00674020340117356,
        0.9795762276372241,
        0.9795762276372241,
        0.9795762276372241,
        0.9795762276372241,
        0.9795762276372241
      ],
      "16": [
        0.986603248204405,
        0.986603248204405,
        0.986603248204405,
        0.986603248204405,
        0.986603248204405
      ]
    },
    "Ablation[SM] SM (orig) (MQAR)": {
      "4": [
        0.005987308340404173,
        0.005987308340404173,
        0.017830467153459133,
        0.017830467153459133,
        0.017830467153459133,
        0.017830467153459133,
        0.017830467153459133
      ],
      "8": [
        0.5393477299616382,
        0.9822053849922918,
        0.9822053849922918,
        0.9822053849922918,
        0.9822053849922918,
        0.9822053849922918
      ],
      "16": [
        0.9866271496349056,
        0.9866271496349056,
        0.9866271496349056,
        0.9866271496349056,
        0.9866271496349056
      ]
    },
    "Ablation[SM] LM (s→l) (MQAR)": {
      "4": [
        0.0026889109313192393,
        0.0026889109313192393,
        0.007576753468695101,
        0.007576753468695101,
        0.007576753468695101,
        0.007576753468695101,
        0.007576753468695101
      ],
      "8": [
        0.27725659380713935,
        0.9864120367604001,
        0.9864120367604001,
        0.9864120367604001,
        0.9864120367604001,
        0.9864120367604001
      ],
      "16": [
        0.9866271496349056,
        0.9866271496349056,
        0.9866271496349056,
        0.9866271496349056,
        0.9866271496349056
      ]
    },
    "Ablation[SM] LT (s→l,m→t) (MQAR)": {
      "4": [
        0.0001553592982540005,
        0.0001553592982540005,
        0.008413303536216643,
        0.008413303536216643,
        0.008413303536216643,
        0.008413303536216643,
        0.008413303536216643
      ],
      "8": [
        0.06796371762850006,
        0.7516402356681048,
        0.7516402356681048,
        0.7516402356681048,
        0.7516402356681048,
        0.7516402356681048
      ],
      "16": [
        0.9866271496349056,
        0.9866271496349056,
        0.9866271496349056,
        0.9866271496349056,
        0.9866271496349056
      ]
    },
    "Ablation[MS] MS (orig) (MQAR)": {
      "4": [
        0.009787635790002032,
        0.009787635790002032,
        0.015057901215387741,
        0.015057901215387741,
        0.015057901215387741,
        0.015057901215387741,
        0.015057901215387741
      ],
      "8": [
        0.620230170775721,
        0.9837470272595815,
        0.9837470272595815,
        0.9837470272595815,
        0.9837470272595815,
        0.9837470272595815
      ],
      "16": [
        0.9866151989196553,
        0.9866151989196553,
        0.9866151989196553,
        0.9866151989196553,
        0.9866151989196553
      ]
    },
    "Ablation[MS] ML (s→l) (MQAR)": {
      "4": [
        0.010516629420270804,
        0.010516629420270804,
        0.019455764427500986,
        0.019455764427500986,
        0.019455764427500986,
        0.019455764427500986,
        0.019455764427500986
      ],
      "8": [
        0.5506650573036797,
        0.9785484661256976,
        0.9785484661256976,
        0.9785484661256976,
        0.9785484661256976,
        0.9785484661256976
      ],
      "16": [
        0.9865912974891548,
        0.9865912974891548,
        0.9865912974891548,
        0.9865912974891548,
        0.9865912974891548
      ]
    },
    "Ablation[MS] TL (s→l,m→t) (MQAR)": {
      "4": [
        0.001027761511526465,
        0.001027761511526465,
        0.0020674737383032374,
        0.0020674737383032374,
        0.0020674737383032374,
        0.0020674737383032374,
        0.0020674737383032374
      ],
      "8": [
        0.007576753468695101,
        0.5123749656416936,
        0.5123749656416936,
        0.5123749656416936,
        0.5123749656416936,
        0.5123749656416936
      ],
      "16": [
        0.9864956917671522,
        0.9864956917671522,
        0.9864956917671522,
        0.9864956917671522,
        0.9864956917671522
      ]
    },
    "Ablation[MM] MM (orig) (MQAR)": {
      "4": [
        0.006704351255422637,
        0.006704351255422637,
        0.01621712059466759,
        0.01621712059466759,
        0.01621712059466759,
        0.01621712059466759,
        0.01621712059466759
      ],
      "8": [
        0.5881305496133944,
        0.9857786488521338,
        0.9857786488521338,
        0.9857786488521338,
        0.9857786488521338,
        0.9857786488521338
      ],
      "16": [
        0.9866151989196553,
        0.9866151989196553,
        0.9866151989196553,
        0.9866151989196553,
        0.9866151989196553
      ]
    },
    "Ablation[MM] TT (s→l,m→t) (MQAR)": {
      "4": [
        0.0006692400540172329,
        0.0006692400540172329,
        0.003023530958327856,
        0.003023530958327856,
        0.003023530958327856,
        0.003023530958327856,
        0.003023530958327856
      ],
      "8": [
        0.08234042807462026,
        0.3195382243627281,
        0.3195382243627281,
        0.3195382243627281,
        0.3195382243627281,
        0.3195382243627281
      ],
      "16": [
        0.9866151989196553,
        0.9866151989196553,
        0.9866151989196553,
        0.9866151989196553,
        0.9866151989196553
      ]
    }
  }
}