{
  "LSTM (LM)": [
    205115.24721161948,
    8215.477353957269,
    104.64178827538245,
    2031.2389014166629
  ],
  "Library-xLSTM (LM)": [
    57969.351902243,
    706.3139310139379,
    17.042335095732682,
    327.15533435068556
  ],
  "Transformer (LM)": [
    56597.61134743769,
    656.480916324069,
    18.31351812928494,
    331.46899999357356
  ]
}