{
  "Scratch-xLSTM (LM)": [
    51352.421138997524,
    614.3685635198201,
    17.764818161424973,
    313.43145241409144
  ],
  "Library-xLSTM (LM)": [
    62653.00042582218,
    703.126089113398,
    16.716030115151483,
    330.07862269963215
  ]
}