{
  "Scratch-xLSTM (LM)": [
    67313.04152819536,
    619.7646982669236,
    16.48202645830848,
    323.92497152456184
  ],
  "Library-xLSTM (LM)": [
    63437.712680114964,
    702.1394028478788,
    16.221530172794846,
    326.00437145379107
  ]
}