{
  "32": {
    "Ablation[SM] ST (m→t) (MQAR)": {
      "4": [
        0.003238643832833395,
        0.003238643832833395,
        0.003238643832833395,
        0.003238643832833395,
        0.003238643832833395
      ],
      "8": [
        0.8181220646055667,
        0.8181220646055667,
        0.8181220646055667,
        0.8181220646055667,
        0.8181220646055667
      ],
      "16": [
        0.9865195931976529,
        0.9865195931976529,
        0.9865195931976529,
        0.9865195931976529,
        0.9865195931976529
      ]
    },
    "Ablation[MS] TS (m→t) (MQAR)": {
      "4": [
        0.0017089522807940056,
        0.0017089522807940056,
        0.0017089522807940056,
        0.0017089522807940056,
        0.0017089522807940056
      ],
      "8": [
        0.5290581641311233,
        0.5290581641311233,
        0.5290581641311233,
        0.5290581641311233,
        0.5290581641311233
      ],
      "16": [
        0.9865793467739045,
        0.9865793467739045,
        0.9865793467739045,
        0.9865793467739045,
        0.9865793467739045
      ]
    }
  }
}